brokered_by,status,price,bed,bath,acre_lot,street,city,state,zip_code,house_size,prev_sold_date
103378,for_sale,105000,3,2,0.12,1962661,Adjuntas,Puerto Rico,601,920,
52707,for_sale,80000,4,2,0.08,1902874,Adjuntas,Puerto Rico,601,1527,
103379,for_sale,67000,2,1,0.15,1404990,Juana Diaz,Puerto Rico,795,748,
31239,for_sale,145000,4,2,0.1,1947675,Ponce,Puerto Rico,731,1800,
34632,for_sale,65000,6,2,0.05,331151,Mayaguez,Puerto Rico,680,0,
103378,for_sale,179000,4,3,0.46,1850806,San Sebastian,Puerto Rico,612,2520,
1205,for_sale,50000,3,1,0.2,1298094,Ciales,Puerto Rico,639,2040,
50739,for_sale,71600,3,2,0.08,1048466,Ponce,Puerto Rico,731,1050,
81909,for_sale,100000,2,1,0.09,734904,Ponce,Puerto Rico,730,1092,
65672,for_sale,300000,5,3,7.46,1946226,Las Marias,Puerto Rico,670,5403,
52707,for_sale,89000,3,2,13.39,1902814,Isabela,Puerto Rico,662,1106,
52707,for_sale,150000,3,2,0.08,1773902,Juana Diaz,Puerto Rico,795,1045,
46019,for_sale,155000,3,2,0.1,1946165,Lares,Puerto Rico,669,4161,
52707,for_sale,79000,5,2,0.12,1761024,Utuado,Puerto Rico,641,1620,
88441,for_sale,649000,5,5,0.74,1879215,Ponce,Puerto Rico,731,2677,
50739,for_sale,120000,3,2,0.08,17854,Yauco,Puerto Rico,698,1100,
51202,for_sale,235000,4,4,0.22,13687,Mayaguez,Puerto Rico,680,3450,
12876,for_sale,105000,3,2,0.08,1868721,Ponce,Puerto Rico,728,1500,
109906,for_sale,575000,3,2,3.88,1312671,San Sebastian,Puerto Rico,685,4000,
46019,for_sale,140000,6,3,0.25,6710,Anasco,Puerto Rico,610,1230,
52707,for_sale,50000,2,1,0.23,1902835,Yauco,Puerto Rico,698,621,
52707,for_sale,165000,6,3,0.1,117231,Moca,Puerto Rico,676,3000,
81909,for_sale,189000,3,1,2,1307740,Coamo,Puerto Rico,769,1213,
52707,for_sale,115000,3,2,,481889,Ponce,Puerto Rico,716,1148,
12434,for_sale,122500,3,2,0.05,437877,Yauco,Puerto Rico,698,1118,
52464,for_sale,255000,3,2,0.28,1948621,San Sebastian,Puerto Rico,685,1500,
81495,for_sale,425000,4,3,0.3,955013,Ponce,Puerto Rico,730,3000,
87549,for_sale,93000,4,2,0.11,1854860,Guayanilla,Puerto Rico,656,1300,
92147,for_sale,75000,4,2,0.04,511838,Manati,Puerto Rico,676,1080,
29915,for_sale,469000,3,2,0.69,1857020,Isabela,Puerto Rico,662,2505,
52707,for_sale,189000,6,3,1.75,1902849,Villalba,Puerto Rico,766,1943,
52707,for_sale,225000,5,4,0.12,1987398,Ponce,Puerto Rico,717,1600,
67133,for_sale,495000,4,2,3.08,1962660,Santa Isabel,Puerto Rico,757,2886,
86036,for_sale,220000,1,1,0.1,523790,Ponce,Puerto Rico,730,850,
52707,for_sale,70500,3,1,0.23,1856955,Yauco,Puerto Rico,698,936,
3606,for_sale,305000,3,2,1.13,1902855,Moca,Puerto Rico,676,1928,
109906,for_sale,475000,4,4,4.84,1940314,San Sebastian,Puerto Rico,685,3690,
1502,for_sale,195000,3,4,1.94,1856898,Utuado,Puerto Rico,641,2500,
109906,for_sale,120000,4,2,0.24,1667467,Las Marias,Puerto Rico,670,1800,
52707,for_sale,650000,9,7,0.46,1902746,Mayaguez,Puerto Rico,680,3709,
86036,for_sale,555000,5,3,0.16,480944,Ponce,Puerto Rico,730,3100,
63639,for_sale,3900000,6,6,0.94,269007,Penuelas,Puerto Rico,624,9297,
52707,for_sale,400000,,,0.99,1857015,Moca,Puerto Rico,676,43082,
80224,for_sale,380000,,,18.45,1855421,Hatillo,Puerto Rico,659,0,
52707,for_sale,95000,3,2,0.1,1868667,Aguada,Puerto Rico,602,600,
87549,for_sale,74000,3,1,0.09,1902824,Aguada,Puerto Rico,602,900,
108122,for_sale,139500,4,2,0.15,397960,Aguada,Puerto Rico,602,3000,
72457,for_sale,149900,1,1,0.26,1850822,Aguada,Puerto Rico,602,2100,
15143,for_sale,180000,2,2,0.24,1234696,Aguada,Puerto Rico,602,1138,
52707,for_sale,249000,3,2,0.13,1902736,Aguada,Puerto Rico,602,1380,
52707,for_sale,252000,6,4,0.23,1902727,Aguada,Puerto Rico,602,2500,
102017,for_sale,160000,2,1,,1842923,Aguada,Puerto Rico,602,813,
49045,for_sale,90000,2,1,0.07,1837494,Aguada,Puerto Rico,602,813,
46019,for_sale,500000,5,3,1.78,10282,Aguada,Puerto Rico,602,2962,
47983,for_sale,339000,4,2,0.1,268641,Aguada,Puerto Rico,602,1955,
89348,for_sale,265000,3,2,0.08,1868699,Aguada,Puerto Rico,602,1200,
55906,for_sale,10000000,6,5,0.12,1233063,Aguada,Puerto Rico,602,6000,
47983,for_sale,389000,3,4,2,1902739,Aguada,Puerto Rico,602,1880,
102017,for_sale,575000,3,2,2.96,1962620,Aguada,Puerto Rico,602,2500,
46019,for_sale,35000,,,0.88,1234597,Aguada,Puerto Rico,602,0,
52464,for_sale,58000,,,0.21,1966337,Aguada,Puerto Rico,602,0,
46019,for_sale,85000,,,21.08,1188097,Aguada,Puerto Rico,602,0,
102017,for_sale,47000,,,0.57,1841588,Aguada,Puerto Rico,602,0,
102017,for_sale,720000,3,3,,1667516,Aguada,Puerto Rico,602,2715,
102017,for_sale,375000,7,5,0.31,166250,Aguada,Puerto Rico,602,2775,
46019,for_sale,50000,,,0.65,1946326,Aguada,Puerto Rico,602,0,
66561,for_sale,3250000,,6,0.06,1856959,Rincon,Puerto Rico,602,0,
47983,for_sale,39500,,,0.24,1902841,Aguada,Puerto Rico,602,0,
102017,for_sale,249500,,,33.35,1032552,Aguada,Puerto Rico,602,0,
46019,for_sale,1399000,5,3,8.74,6714,Aguada,Puerto Rico,602,5517,
60830,for_sale,600000,6,5,0.1,1946165,Aguada,Puerto Rico,602,2400,
102017,for_sale,649000,,,2.64,1946165,Aguada,Puerto Rico,602,0,
47983,for_sale,189000,2,1,,1902894,Aguada,Puerto Rico,602,951,
52707,for_sale,150000,,,1.46,1902798,Aguada,Puerto Rico,602,0,
107152,for_sale,74000,,,0.21,1966339,Aguada,Puerto Rico,602,0,
102017,for_sale,65500,,,0.28,16882,Aguada,Puerto Rico,602,0,
102017,for_sale,67500,,,0.28,1760196,Aguada,Puerto Rico,602,0,
107152,for_sale,74000,,,0.21,1842584,Aguada,Puerto Rico,602,0,
88086,for_sale,130000,,,0.42,1902763,Aguada,Puerto Rico,602,0,
46019,for_sale,95000,,,0.37,1188098,Aguada,Puerto Rico,602,0,
47983,for_sale,329000,,,0.23,939073,Rincon,Puerto Rico,602,0,
46019,for_sale,130000,,,0.68,6711,Aguada,Puerto Rico,602,0,
102017,for_sale,94770,,,0.25,166251,Aguada,Puerto Rico,602,0,
88086,for_sale,150000,,,0.38,1902760,Aguada,Puerto Rico,602,0,
46019,for_sale,165000,,,0.4,167086,Aguada,Puerto Rico,602,0,
107152,for_sale,215000,3,2,0.22,595559,Aguadilla,Puerto Rico,603,2070,
52707,for_sale,63000,3,2,0.05,1856967,Aguadilla,Puerto Rico,603,1184,
107152,for_sale,215000,3,2,0.22,1268649,Aguadilla,Puerto Rico,603,1900,
48586,for_sale,115000,3,1,0.2,1962563,Aguadilla,Puerto Rico,603,980,
52707,for_sale,99000,4,2,0.89,1499349,Aguadilla,Puerto Rico,603,1408,
102017,for_sale,850000,5,5,0.62,792809,Aguadilla,Puerto Rico,603,8460,
92147,for_sale,140000,3,2,0.11,1868702,Aguadilla,Puerto Rico,603,1116,
1123,for_sale,499000,4,3,0.26,117065,Aguadilla,Puerto Rico,603,3734,
87549,for_sale,180000,3,2,0.17,846259,Aguadilla,Puerto Rico,603,1500,
61710,for_sale,225900,6,3,0.49,1946283,Aguadilla,Puerto Rico,603,2618,
65672,for_sale,260000,4,2,0.12,1136713,Aguadilla,Puerto Rico,603,1760,
102017,for_sale,31179,,,0.13,1987983,Aguadilla,Puerto Rico,603,,
52707,for_sale,500000,4,3,0.33,1902866,Aguadilla,Puerto Rico,603,2950,
103378,for_sale,225000,3,2,0.21,1838380,Aguada,Puerto Rico,603,1565,
46019,for_sale,28000,,,0.25,1236850,Aguadilla,Puerto Rico,603,,
60028,for_sale,425000,4,2,0.95,1946165,Aguadilla,Puerto Rico,603,3468,
34632,for_sale,300000,4,2,10.76,1258490,Aguadilla,Puerto Rico,603,547,
101,for_sale,75000,,,0.19,1902896,Aguadilla,Puerto Rico,603,,
107152,for_sale,290000,3,2,0.15,117027,Aguadilla,Puerto Rico,603,2280,
52707,for_sale,550000,3,4,0.2,483647,Aguadilla,Puerto Rico,603,4020,
72457,for_sale,234900,6,2,0.18,1850808,Aguadilla,Puerto Rico,603,2035,
102017,for_sale,44720,,,0.18,1839304,Aguadilla,Puerto Rico,603,,
46019,for_sale,35000,,,0.4,1946284,Aguadilla,Puerto Rico,603,,
52707,for_sale,75000,,,0.4,1868632,Aguadilla,Puerto Rico,603,,
46019,for_sale,37000,,,0.42,1946165,Aguadilla,Puerto Rico,603,,
103378,for_sale,37359,,,0.22,913730,Aguadilla,Puerto Rico,603,,
102017,for_sale,739500,,,2.43,598237,Aguadilla,Puerto Rico,603,,
107152,for_sale,65000,,,0.28,595558,Aguadilla,Puerto Rico,603,,
103378,for_sale,56406,,,0.33,1667035,Aguadilla,Puerto Rico,603,,
107152,for_sale,620000,5,3,0.52,119241,Aguadilla,Puerto Rico,603,3267,
72457,for_sale,649900,8,3,0.19,1850840,Aguadilla,Puerto Rico,603,3700,
103378,for_sale,44995,,,0.26,595223,Aguadilla,Puerto Rico,603,,
103378,for_sale,37779,,,0.22,1563956,Aguadilla,Puerto Rico,603,,
103378,for_sale,60123,,,0.35,1838382,Aguadilla,Puerto Rico,603,,
103378,for_sale,38279,,,0.23,6248,Aguadilla,Puerto Rico,603,,
103378,for_sale,199900,,,11,1838381,Aguada,Puerto Rico,603,,
102017,for_sale,125000,,,0.22,822915,Aguadilla,Puerto Rico,603,,
52707,for_sale,200000,,,0.49,1857008,Aguadilla,Puerto Rico,603,,
102017,for_sale,150000,,,0.2,6707,Aguadilla,Puerto Rico,603,,
92147,for_sale,8000000,,,247.57,6475,Isabela,Puerto Rico,603,,
19383,for_sale,1000000,,,5,1850843,Aguadilla,Puerto Rico,603,,
52707,for_sale,695000,,,1.89,1902854,Aguadilla,Puerto Rico,603,,
103378,for_sale,98000,5,2,4.55,1850836,Maricao,Puerto Rico,606,2156,
103378,for_sale,55000,5,2,5.14,1857017,Maricao,Puerto Rico,606,2156,
52707,for_sale,75000,5,2,4.86,1856895,Maricao,Puerto Rico,606,1563,
46475,for_sale,80000,3,1,0.35,1897887,Maricao,Puerto Rico,606,915,
52707,for_sale,160000,,,12.25,1902838,Maricao,Puerto Rico,606,,
52464,for_sale,46900,3,1,,1757054,Mayaguez,Puerto Rico,680,982,
102017,for_sale,125000,8,5,0.09,436480,Hormigueros,Puerto Rico,660,2000,
52707,for_sale,95000,2,2,0.15,595722,Guanica,Puerto Rico,653,1393,
57043,for_sale,330000,3,2,1.75,1902816,Cabo Rojo,Puerto Rico,623,1620,
60028,for_sale,115000,3,2,0.09,1394934,Mayaguez,Puerto Rico,680,1760,
31239,for_sale,285000,2,1,4.74,575006,Cabo Rojo,Puerto Rico,623,1000,
52464,for_sale,215000,7,4,0.11,1480314,Mayaguez,Puerto Rico,680,2200,
61834,for_sale,115000,3,2,,962228,Cabo Rojo,Puerto Rico,623,1205,
87549,for_sale,140000,3,2,0.14,757729,Mayaguez,Puerto Rico,680,1200,
51202,for_sale,87000,3,1,0.04,13690,Mayaguez,Puerto Rico,682,,
52707,for_sale,250000,4,2,0.08,1071244,Cabo Rojo,Puerto Rico,623,3052,
52707,for_sale,70000,3,1,0.08,387673,San German,Puerto Rico,683,894,
102017,for_sale,190000,5,5,0.08,6946,Mayaguez,Puerto Rico,680,1600,
87549,for_sale,150000,3,1,0.07,598681,San German,Puerto Rico,683,363,
60831,for_sale,750000,12,6,0.52,1855338,Cabo Rojo,Puerto Rico,623,4800,
52707,for_sale,125000,,1,,939072,Mayaguez,Puerto Rico,682,390,
102017,for_sale,950000,9,8,0.17,1854848,Rincon,Puerto Rico,677,3852,
102017,for_sale,1200000,5,4,1.8,1181969,Aguada,Puerto Rico,677,6000,
81495,for_sale,495000,4,3,0.4,1446813,Lajas,Puerto Rico,667,6500,
87549,for_sale,90000,3,1,0.19,950033,Mayaguez,Puerto Rico,682,778,
77433,for_sale,395000,3,2,0.25,948184,Cabo Rojo,Puerto Rico,623,2800,
18211,for_sale,82000,1,1,,1840559,Mayaguez,Puerto Rico,680,471,
47983,for_sale,389000,2,2,,593379,Cabo Rojo,Puerto Rico,623,1356,
87549,for_sale,45000,,,0.2,1856894,Cabo Rojo,Puerto Rico,623,0,
61710,for_sale,65000,,,0.26,49178,Cabo Rojo,Puerto Rico,623,0,
87549,for_sale,80000,,,0.49,1855526,Cabo Rojo,Puerto Rico,623,0,
87549,for_sale,120000,,,2.82,1897484,Cabo Rojo,Puerto Rico,623,0,
87549,for_sale,70000,,,0.28,113181,Cabo Rojo,Puerto Rico,623,0,
46019,for_sale,391000,,,20.4,10284,Hormigueros,Puerto Rico,660,0,
46019,for_sale,160000,,,14.34,10282,Cabo Rojo,Puerto Rico,623,0,
46019,for_sale,290000,,,16.22,10282,Cabo Rojo,Puerto Rico,623,0,
46019,for_sale,835000,,,17.97,10282,Hormigueros,Puerto Rico,660,0,
47983,for_sale,159000,,,0.44,1902890,Mayaguez,Puerto Rico,680,0,
47983,for_sale,79000,,,0.25,1902821,Anasco,Puerto Rico,610,0,
46019,for_sale,149900,3,2,0.15,6713,Anasco,Puerto Rico,610,1687,
48230,for_sale,106000,2,1,0.13,1966340,Anasco,Puerto Rico,610,826,
34632,for_sale,165000,5,3,0.11,560745,Anasco,Puerto Rico,610,2327,
86036,for_sale,499000,8,6,0.13,1307166,Anasco,Puerto Rico,610,0,
46019,for_sale,140000,,,0.37,1667382,Anasco,Puerto Rico,610,0,
46475,for_sale,450000,4,7,0.76,1793737,Isabela,Puerto Rico,662,4000,
96048,for_sale,485000,4,3,0.21,1446871,Isabela,Puerto Rico,662,3066,
52707,for_sale,1800000,6,3,0.97,1902806,Isabela,Puerto Rico,662,10000,
18211,for_sale,975000,6,4,16,1913925,Isabela,Puerto Rico,662,3739,
47983,for_sale,950000,4,2,0.49,6927,Rincon,Puerto Rico,677,2450,
47983,for_sale,349000,3,2,,1966335,Rincon,Puerto Rico,677,1688,
72457,for_sale,39900,3,1,,1862028,Arecibo,Puerto Rico,612,878,
72457,for_sale,29900,3,1,,1862027,Arecibo,Puerto Rico,612,878,
60830,for_sale,475000,1,3,0.13,1427607,Arecibo,Puerto Rico,612,10000,
60831,for_sale,200000,4,3,0.24,1946165,Arecibo,Puerto Rico,612,3413,
103378,for_sale,84900,4,2,0.1,1840770,Arecibo,Puerto Rico,612,0,
52707,for_sale,148000,5,2,0.49,1902831,Arecibo,Puerto Rico,612,2058,
49592,for_sale,39500,1,1,0.14,1946165,Arecibo,Puerto Rico,612,800,
33888,for_sale,220000,6,3,0.45,1856978,Arecibo,Puerto Rico,612,2900,
52707,for_sale,75000,3,2,0.27,1856974,Arecibo,Puerto Rico,612,1100,
60830,for_sale,110000,4,2,0.13,1856516,Arecibo,Puerto Rico,612,1000,
60831,for_sale,150000,7,4,0.49,1946210,Arecibo,Puerto Rico,612,800,
103378,for_sale,69900,4,2,0.09,1840775,Arecibo,Puerto Rico,612,0,
52707,for_sale,79000,6,3,0.09,1855343,Arecibo,Puerto Rico,612,2472,
52707,for_sale,65000,3,1,0.09,1856972,Arecibo,Puerto Rico,612,1044,
60830,for_sale,179000,5,3,0.08,1855451,Arecibo,Puerto Rico,612,2200,
62210,for_sale,145000,3,2,0.86,1427895,Arecibo,Puerto Rico,612,3500,
1589,for_sale,79000,3,1,0.13,821104,Arecibo,Puerto Rico,612,1262,
80224,for_sale,360000,5,2,0.42,1567105,Arecibo,Puerto Rico,612,6000,
29911,for_sale,50000,,,0.03,1967771,Arecibo,Puerto Rico,612,0,
103378,for_sale,134900,,,0.25,1840769,Arecibo,Puerto Rico,612,1856,
92147,for_sale,94600,3,1,0.08,1992381,Arecibo,Puerto Rico,612,1009,
103378,for_sale,59900,,,0.34,1840776,Arecibo,Puerto Rico,612,0,
1589,for_sale,239000,7,3,0.31,1551669,Arecibo,Puerto Rico,612,2715,
33888,for_sale,279000,3,3,0.19,1902853,Arecibo,Puerto Rico,612,2872,
52707,for_sale,100000,3,1,4.89,1900756,Arecibo,Puerto Rico,612,1028,
33888,for_sale,89000,,,1.48,1856938,Arecibo,Puerto Rico,612,0,
40689,for_sale,168000,4,3,0.25,1902837,Arecibo,Puerto Rico,612,1600,
92147,for_sale,150000,3,2,0.29,1509489,Arecibo,Puerto Rico,612,1604,
88444,for_sale,60000,,,0.26,1850825,Arecibo,Puerto Rico,612,0,
33888,for_sale,140000,8,2,0.13,918510,Arecibo,Puerto Rico,612,1500,
109906,for_sale,70000,2,1,0.1,1855345,Arecibo,Puerto Rico,612,680,
104635,for_sale,80000,3,1,0.06,982996,Arecibo,Puerto Rico,612,750,
38569,for_sale,135000,5,2,0.13,1437193,Arecibo,Puerto Rico,612,1500,
92147,for_sale,215000,3,3,0.24,1449539,Arecibo,Puerto Rico,612,2183,
103378,for_sale,42900,,,0.17,1855937,Camuy,Puerto Rico,612,0,
103378,for_sale,49900,,,0.25,1840772,Arecibo,Puerto Rico,612,0,
62210,for_sale,138000,3,2,0.25,199310,Arecibo,Puerto Rico,612,1000,
52707,for_sale,289000,5,4,0.2,1856979,Arecibo,Puerto Rico,612,2832,
62210,for_sale,132000,3,2,0.25,1725570,Arecibo,Puerto Rico,612,1000,
52707,for_sale,197000,4,4,0.14,1856909,Arecibo,Puerto Rico,612,1500,
8586,for_sale,1200000,,,0.71,1946308,Arecibo,Puerto Rico,612,0,
40689,for_sale,185000,5,3,0.07,869853,Manati,Puerto Rico,674,1700,
33888,for_sale,200000,6,4,0.37,1855347,Hatillo,Puerto Rico,659,3400,
1589,for_sale,210000,3,2,0.25,913609,Morovis,Puerto Rico,687,2500,
92147,for_sale,105000,3,1,0.08,1869494,Manati,Puerto Rico,674,921,
103379,for_sale,113600,3,1,0.07,1837500,Manati,Puerto Rico,674,800,
103378,for_sale,174900,3,2,0.08,1985068,Barceloneta,Puerto Rico,617,1195,
60831,for_sale,3000000,,6,1.38,1836183,Quebradillas,Puerto Rico,678,3000,
103379,for_sale,134000,3,2,0.07,733378,Vega Baja,Puerto Rico,693,895,
65672,for_sale,245000,4,2,0.25,867517,Vega Baja,Puerto Rico,693,2038,
59533,for_sale,161000,4,2,0.09,435967,Caguas,Puerto Rico,727,1100,
52707,for_sale,225000,3,2,,1881195,Vega Baja,Puerto Rico,693,1217,
92147,for_sale,290000,4,2,0.22,1868675,Manati,Puerto Rico,674,2236,
109906,for_sale,375000,4,3,0.21,1854739,Barceloneta,Puerto Rico,617,2961,
1123,for_sale,425000,3,2,0.21,1856906,Camuy,Puerto Rico,627,2400,
52707,for_sale,1100000,5,3,0.56,1120998,Quebradillas,Puerto Rico,678,3000,
62210,for_sale,418000,5,3,0.22,2402,Hatillo,Puerto Rico,659,3650,
52707,for_sale,365000,5,3,1.46,1902830,Morovis,Puerto Rico,687,2366,
33888,for_sale,55000,,,0.2,1902872,Hatillo,Puerto Rico,659,0,
33888,for_sale,62000,,,0.21,1902871,Hatillo,Puerto Rico,659,0,
80224,for_sale,350000,,,10.68,1902881,Hatillo,Puerto Rico,659,0,
92147,for_sale,95000,5,2,0.16,151105,Quebradillas,Puerto Rico,95000,1757,
103378,for_sale,64900,,,0.29,1850837,Camuy,Puerto Rico,627,0,
103378,for_sale,49900,3,2,0.27,1861976,Barceloneta,Puerto Rico,617,1150,
60027,for_sale,70000,3,1,0.05,1877370,Barceloneta,Puerto Rico,617,0,
103378,for_sale,90000,2,2,0.09,1844124,Barceloneta,Puerto Rico,617,955,
103378,for_sale,111000,3,2,0.08,1985086,Barceloneta,Puerto Rico,617,1015,
103378,for_sale,114400,3,2,0.09,1855327,Barceloneta,Puerto Rico,617,1105,
103378,for_sale,113500,3,2,0.14,1967757,Barceloneta,Puerto Rico,617,955,
19801,for_sale,59200,2,1,0.08,594668,Dorado,Puerto Rico,646,700,
1205,for_sale,63800,3,1,0.07,13692,Toa Baja,Puerto Rico,949,950,
86129,for_sale,45000,3,2,0.09,1168757,Toa Alta,Puerto Rico,953,1000,
19801,for_sale,55000,2,2,0.11,1913914,Dorado,Puerto Rico,646,800,
19801,for_sale,100000,5,3,0.61,1547175,Vega Alta,Puerto Rico,692,1400,
81909,for_sale,80000,4,2,0.19,1584559,Corozal,Puerto Rico,783,1500,
81909,for_sale,55000,2,2,1.22,1913924,Naranjito,Puerto Rico,719,1500,
52707,for_sale,157500,4,2,0.08,377951,Toa Alta,Puerto Rico,953,1650,
28817,for_sale,2000000,3,3,0.19,780900,Dorado,Puerto Rico,646,3500,
102909,for_sale,11500000,4,5,1.98,974575,Dorado,Puerto Rico,646,7000,
64069,for_sale,3500000,4,4,0.24,595727,Dorado,Puerto Rico,646,2500,
52707,for_sale,270000,3,3,0.3,1879198,Toa Alta,Puerto Rico,953,2400,
102909,for_sale,5000000,3,4,0.99,388280,Dorado,Puerto Rico,646,3500,
1205,for_sale,25000,,,0.15,12674,Toa Alta,Puerto Rico,953,0,
33842,for_sale,172000,6,4,0.2,1940307,Naranjito,Puerto Rico,719,1880,
81909,for_sale,65000,6,4,0.1,397849,Toa Alta,Puerto Rico,953,2600,
3606,for_sale,1325000,4,3,0.19,600545,Dorado,Puerto Rico,646,2500,
102909,for_sale,625000,3,2,,5095,Vega Alta,Puerto Rico,692,2096,
3606,for_sale,465000,3,2,0.27,1609595,Dorado,Puerto Rico,646,2200,
102909,for_sale,575000,3,3,0.52,652522,Dorado,Puerto Rico,646,1500,
29325,for_sale,1100000,4,3,0.14,1484017,Dorado,Puerto Rico,646,3500,
46667,for_sale,550000,3,2,0.1,1837660,Dorado,Puerto Rico,646,1800,
8688,for_sale,895000,4,3,0.12,1947221,Dorado,Puerto Rico,646,2490,
37634,for_sale,495000,3,2,,1946328,Vega Alta,Puerto Rico,646,1564,
18214,for_sale,635000,3,2,0.07,6119,Vega Alta,Puerto Rico,692,2100,
102909,for_sale,1125000,2,2,,1854725,Dorado,Puerto Rico,646,1172,
31239,for_sale,97000,1,2,,1988142,Cabo Rojo,Puerto Rico,622,900,
87549,for_sale,134000,3,1,0.08,1902722,Cabo Rojo,Puerto Rico,622,900,
48392,for_sale,365000,4,2,0.25,1139967,Cabo Rojo,Puerto Rico,622,2800,
31239,for_sale,260000,3,2,0.2,1645160,Cabo Rojo,Puerto Rico,622,2214,
49045,for_sale,75000,,,0.19,1856947,Boqueron,Puerto Rico,622,0,
109906,for_sale,460000,4,2,0.22,1450082,Cabo Rojo,Puerto Rico,622,3328,
102017,for_sale,250000,,,0.99,268562,Cabo Rojo,Puerto Rico,622,0,
61834,for_sale,1321000,,,10.29,1917469,Cabo Rojo,Puerto Rico,622,0,
103378,for_sale,63000,4,2,0.48,1888053,Hormigueros,Puerto Rico,660,1233,
87549,for_sale,75000,3,2,0.12,1819530,Mayaguez,Puerto Rico,680,1200,
52707,for_sale,325000,5,5,0.19,1879192,Cabo Rojo,Puerto Rico,623,4000,
103378,for_sale,499900,4,2,10.76,2000888,Yauco,Puerto Rico,698,0,
87549,for_sale,101800,3,2,0.07,1879216,Cabo Rojo,Puerto Rico,623,1000,
87549,for_sale,25000,1,1,0.12,962678,Cabo Rojo,Puerto Rico,623,491,
52707,for_sale,205000,3,3,0.27,1002452,Guanica,Puerto Rico,653,976,
102017,for_sale,135000,4,2,0.12,198778,Hormigueros,Puerto Rico,660,1163,
87549,for_sale,104000,3,2,0.08,1311508,Mayaguez,Puerto Rico,682,1175,
52707,for_sale,275000,3,2,0.97,1902773,Lajas,Puerto Rico,667,1200,
81495,for_sale,182000,,,1.4,1902859,Cabo Rojo,Puerto Rico,623,0,
78414,for_sale,1400000,,,6.44,1902832,Cabo Rojo,Puerto Rico,623,0,
52707,for_sale,155000,,,5.78,1902829,San German,Puerto Rico,683,0,
77601,for_sale,115000,,,0.42,1009987,Cabo Rojo,Puerto Rico,636,0,
52707,for_sale,100000,3,2,0.12,1193340,Cabo Rojo,Puerto Rico,623,1044,
52707,for_sale,75000,3,1,0.03,1104886,Cabo Rojo,Puerto Rico,623,980,
87549,for_sale,122000,4,2,0.19,521774,Cabo Rojo,Puerto Rico,623,1400,
88444,for_sale,150000,3,1,0.16,1837366,Cabo Rojo,Puerto Rico,623,936,
31238,for_sale,325000,3,4,0.23,1917857,Cabo Rojo,Puerto Rico,623,3089,
101,for_sale,130000,3,4,0.09,560375,Cabo Rojo,Puerto Rico,623,2064,
72457,for_sale,139900,2,2,0.46,34931,Cabo Rojo,Puerto Rico,623,1242,
49045,for_sale,395000,8,5,0.48,58866,Cabo Rojo,Puerto Rico,623,8368,
65773,for_sale,375000,5,4,0.22,387597,Cabo Rojo,Puerto Rico,623,2700,
52707,for_sale,2500000,6,8,9.65,1856949,Cabo Rojo,Puerto Rico,623,10244,
48230,for_sale,385000,3,3,0.26,1855340,Cabo Rojo,Puerto Rico,623,2069,
87549,for_sale,600000,8,7,0.43,1842699,Cabo Rojo,Puerto Rico,623,3192,
77601,for_sale,195000,2,2,,6938,Cabo Rojo,Puerto Rico,623,1377,
48230,for_sale,1995000,5,6,5,1946165,Cabo Rojo,Puerto Rico,623,10000,
30740,for_sale,220000,1,1,,1940313,Cabo Rojo,Puerto Rico,623,736,
88444,for_sale,81500,,,0.4,1850804,Cabo Rojo,Puerto Rico,623,0,
52707,for_sale,3000000,6,6,7.8,1906150,Cabo Rojo,Puerto Rico,623,8000,
87549,for_sale,54000,,,0.73,1016110,Cabo Rojo,Puerto Rico,623,0,
46019,for_sale,275000,,,3.57,1946165,Cabo Rojo,Puerto Rico,623,0,
87549,for_sale,950000,,,112.66,1902817,Cabo Rojo,Puerto Rico,623,0,
81909,for_sale,375000,,,0.52,196589,Cabo Rojo,Puerto Rico,623,0,
31238,for_sale,840000,,,0.96,1946165,Cabo Rojo,Puerto Rico,623,0,
85121,for_sale,375000,,,0.51,1902867,Cabo Rojo,Puerto Rico,623,0,
3763,for_sale,70000,3,1,0.04,1884194,Penuelas,Puerto Rico,624,913,
83881,for_sale,799000,5,3,0.49,1837520,Penuelas,Puerto Rico,624,2500,
103378,for_sale,74500,3,1,0.08,1899174,Penuelas,Puerto Rico,624,917,
103378,for_sale,70000,3,2,0.09,795443,San Sebastian,Puerto Rico,685,1120,
67333,for_sale,85000,3,2,0.08,1868706,Ponce,Puerto Rico,728,1500,
103378,for_sale,69900,3,3,0.23,1857025,Utuado,Puerto Rico,641,1326,
1589,for_sale,330000,3,2,0.97,1757696,Hatillo,Puerto Rico,659,2111,
52707,for_sale,145000,3,2,,1922060,Ponce,Puerto Rico,716,1296,
81909,for_sale,135000,3,2,,466228,Carolina,Puerto Rico,987,1248,
1589,for_sale,40000,,,0.99,597289,Utuado,Puerto Rico,641,0,
60831,for_sale,329000,,,1.42,1842205,Utuado,Puerto Rico,641,0,
60622,for_sale,69500,3,1,0.04,1308651,Camuy,Puerto Rico,627,1460,
60830,for_sale,135000,4,3,0.24,1856515,Camuy,Puerto Rico,627,1500,
87549,for_sale,74000,3,1,0.38,1902878,Camuy,Puerto Rico,627,900,
33888,for_sale,109000,3,1,1.94,1898056,Camuy,Puerto Rico,627,1400,
87549,for_sale,168100,3,3,0.13,1239373,Camuy,Puerto Rico,627,1300,
52464,for_sale,110000,3,1,0.1,1855935,Camuy,Puerto Rico,627,800,
75124,for_sale,250000,,,7.8,1951682,Camuy,Puerto Rico,627,0,
46019,for_sale,55000,,,0.27,1913916,Camuy,Puerto Rico,627,0,
46019,for_sale,50000,,,0.25,1913913,Camuy,Puerto Rico,627,0,
52707,for_sale,305000,,,9.43,1880725,Camuy,Puerto Rico,627,0,
33888,for_sale,145000,,,2.52,1308649,Camuy,Puerto Rico,627,0,
102017,for_sale,90000,,,0.55,1966325,Camuy,Puerto Rico,627,0,
60622,for_sale,105000,,,0.47,1855420,Camuy,Puerto Rico,627,0,
80224,for_sale,85000,,,0.67,11032,Camuy,Puerto Rico,627,0,
31239,for_sale,130000,3,2,0.1,1946163,Sabana Grande,Puerto Rico,637,1290,
31238,for_sale,300000,8,4,0.45,1946165,Sabana Grande,Puerto Rico,637,2852,
75895,for_sale,54900,5,2,1.21,1007137,Sabana Grande,Puerto Rico,637,1898,
16802,for_sale,250000,2,1,0.2,212525,Sabana Grande,Puerto Rico,637,1275,
108122,for_sale,435000,3,3,0.36,2396,Sabana Grande,Puerto Rico,637,20132,
104659,for_sale,80000,,,0.15,1971881,Sabana Grande,Puerto Rico,637,0,
12434,for_sale,575000,,,262,6070,Sabana Grande,Puerto Rico,637,0,
103379,for_sale,89000,3,2,1.17,603617,Ciales,Puerto Rico,638,1000,
52707,for_sale,275000,3,2,1.48,370572,Ciales,Puerto Rico,638,1820,
81909,for_sale,65000,3,2,0.1,1837550,Ciales,Puerto Rico,638,1100,
52707,for_sale,225000,4,3,2.23,1902765,Ciales,Puerto Rico,638,3344,
109906,for_sale,98000,3,1,1.16,1902892,Ciales,Puerto Rico,638,1100,
1205,for_sale,55000,3,2,0.09,654886,Ciales,Puerto Rico,638,1092,
85121,for_sale,65000,3,2,0.09,1908246,Ciales,Puerto Rico,638,1100,
108671,for_sale,23000,,,0.2,1856913,Ciales,Puerto Rico,638,0,
108671,for_sale,65000,,,1.94,1856912,Ciales,Puerto Rico,638,0,
52707,for_sale,290000,,,50.26,1902864,Ciales,Puerto Rico,638,0,
108671,for_sale,47000,,,0.68,1856914,Ciales,Puerto Rico,638,0,
92147,for_sale,106700,3,2,0.97,332814,Utuado,Puerto Rico,641,1205,
52707,for_sale,180000,3,2,10.44,130075,Utuado,Puerto Rico,641,1251,
60831,for_sale,550000,6,3,28.17,1946165,Utuado,Puerto Rico,641,5000,
49909,for_sale,70000,2,1,0.22,1395377,Utuado,Puerto Rico,641,845,
105192,for_sale,198500,4,2,2.91,1902820,Utuado,Puerto Rico,641,1000,
60830,for_sale,75000,5,3,0.1,569131,Utuado,Puerto Rico,641,950,
52707,for_sale,219900,4,2,2.06,1902833,Utuado,Puerto Rico,641,1100,
1502,for_sale,95000,3,2,0.86,1856897,Utuado,Puerto Rico,641,1700,
1502,for_sale,99000,13,4,0.2,655097,Utuado,Puerto Rico,641,600,
60831,for_sale,75000,3,1,0.28,1946304,Utuado,Puerto Rico,641,781,
60830,for_sale,600000,6,3,30,1946303,Utuado,Puerto Rico,641,5000,
60830,for_sale,120000,3,1,0.26,1946327,Utuado,Puerto Rico,641,781,
62210,for_sale,108000,4,1,0.94,1670695,Utuado,Puerto Rico,641,13818,
60831,for_sale,550000,,,135,1946206,Utuado,Puerto Rico,641,0,
60830,for_sale,200000,,,18.66,1946206,Utuado,Puerto Rico,641,0,
1502,for_sale,69995,,,2.91,1856896,Utuado,Puerto Rico,641,0,
1589,for_sale,60000,,,1.96,1138118,Utuado,Puerto Rico,641,0,
60830,for_sale,550000,,,139,1946165,Utuado,Puerto Rico,641,0,
82827,for_sale,12000000,4,7,0.37,1189423,Dorado,Puerto Rico,646,7096,
2050,for_sale,750000,3,3,0.24,1563413,Dorado,Puerto Rico,646,2377,
55665,for_sale,550000,3,3,0.16,1858417,Dorado,Puerto Rico,646,2000,
55665,for_sale,950000,4,3,0.14,1559180,Dorado,Puerto Rico,646,2850,
16782,for_sale,1150000,5,3,0.14,1561183,Dorado,Puerto Rico,646,3500,
33447,for_sale,5500000,3,2,0.24,1052081,Dorado,Puerto Rico,646,2000,
77432,for_sale,16000000,4,7,0.75,955260,Dorado,Puerto Rico,646,7000,
26006,for_sale,995000,4,3,0.25,1647493,Dorado,Puerto Rico,646,2900,
7922,for_sale,595000,2,2,,1940276,Dorado,Puerto Rico,646,1155,
26006,for_sale,1275000,4,4,0.25,1644677,Dorado,Puerto Rico,646,2900,
7832,for_sale,1135000,4,3,0.15,1555726,Dorado,Puerto Rico,646,2850,
16782,for_sale,4995000,3,4,0.22,600936,Dorado,Puerto Rico,646,3100,
55665,for_sale,2500000,4,4,0.25,870230,Dorado,Puerto Rico,646,3509,
61776,for_sale,5950000,3,5,0.23,834192,Dorado,Puerto Rico,646,3200,
7832,for_sale,2849000,4,5,0.21,1136712,Dorado,Puerto Rico,646,5000,
105192,for_sale,850000,4,2,0.21,1222456,Dorado,Puerto Rico,646,999,
16782,for_sale,6495000,4,4,0.15,914459,Dorado,Puerto Rico,646,6703,
72456,for_sale,1300000,7,4,,1463669,Dorado,Puerto Rico,646,2767,
46788,for_sale,6350000,3,4,0.06,1944846,Dorado,Puerto Rico,646,2500,
34000,for_sale,300000,4,4,0.07,,Dorado,Puerto Rico,646,3090,
48921,for_sale,5900000,3,4,0.09,1521217,Dorado,Puerto Rico,646,3914,
72728,for_sale,1775000,4,3,0.23,1318672,Dorado,Puerto Rico,646,3337,
61776,for_sale,1795000,4,4,0.23,1189361,Dorado,Puerto Rico,646,2900,
49555,for_sale,4600000,3,3,,1628662,Dorado,Puerto Rico,646,3095,
7922,for_sale,1500000,3,3,13.65,1884217,Dorado,Puerto Rico,646,1942,
61776,for_sale,3950000,7,6,0.26,809994,Dorado,Puerto Rico,646,4800,
78468,for_sale,1250000,6,4,,1941881,Dorado,Puerto Rico,646,1495,
16782,for_sale,3995000,,,0.47,1977870,Dorado,Puerto Rico,646,0,
92147,for_sale,97900,4,2,0.51,1567906,Hatillo,Puerto Rico,659,1641,
62066,for_sale,58000,3,1,0.05,965293,Ponce,Puerto Rico,,790,
103378,for_sale,144900,4,4,0.2,597273,Hatillo,Puerto Rico,685,1760,
61710,for_sale,265000,3,3,2.91,1902735,Moca,Puerto Rico,676,2485,
3763,for_sale,99000,3,1,0.15,734101,Juana Diaz,Puerto Rico,795,800,
52270,for_sale,76900,3,2,,1873083,Canovanas,Puerto Rico,729,1200,2/28/2020
52707,for_sale,95000,3,1,0.1,918508,Ponce,Puerto Rico,728,1100,
62210,for_sale,245000,4,3,0.22,1839307,Camuy,Puerto Rico,678,900,
92147,for_sale,25000,,,1.07,1009906,Lares,Puerto Rico,669,0,
9664,for_sale,289000,,,65.07,597274,Arecibo,Puerto Rico,612,0,
102017,for_sale,28000,,,0.14,595781,Moca,Puerto Rico,676,0,
52707,for_sale,325000,,,4.22,263847,Lares,Puerto Rico,669,0,
52707,for_sale,103000,,,0.6,1855342,Ponce,Puerto Rico,717,0,
61710,for_sale,1000000,,,0.71,1856915,Villalba,Puerto Rico,766,0,
31239,for_sale,225000,3,3,0.72,782285,Ponce,Puerto Rico,731,2460,
92147,for_sale,119000,3,2,0.08,113181,Juana Diaz,Puerto Rico,795,1084,
103378,for_sale,97000,4,2,0.35,1946160,Juana Diaz,Puerto Rico,795,1918,
81909,for_sale,210000,4,3,5.05,1902767,Ponce,Puerto Rico,730,1520,
3633,for_sale,67600,4,1,0.8,1758795,Ponce,Puerto Rico,731,921,
52707,for_sale,102900,3,1,0.09,1826163,Juana Diaz,Puerto Rico,795,870,
92147,for_sale,121000,3,2,0.22,1241895,San Sebastian,Puerto Rico,685,1134,
52707,for_sale,81000,4,2,0.15,1856963,Lares,Puerto Rico,669,1597,
103378,for_sale,84900,3,2,0.08,1985075,Ponce,Puerto Rico,731,1250,
74819,for_sale,99000,5,2,0.25,413713,Ponce,Puerto Rico,728,2283,
52707,for_sale,120000,3,2,0.09,1903696,Jayuya,Puerto Rico,664,1100,
103378,for_sale,106000,3,2,0.04,1985090,Ponce,Puerto Rico,731,1547,
52707,for_sale,225000,4,2,0.2,1884228,Coamo,Puerto Rico,769,1700,
103378,for_sale,74000,3,2,0.04,1985088,Ponce,Puerto Rico,731,980,
52707,for_sale,85000,3,1,0.12,151181,Hatillo,Puerto Rico,659,930,
3633,for_sale,54000,3,1,0.68,1565797,Ponce,Puerto Rico,730,905,
49909,for_sale,65000,3,1,0.04,603596,Ponce,Puerto Rico,716,1025,
3633,for_sale,126600,2,2,0.25,347753,Ponce,Puerto Rico,730,1004,
31239,for_sale,349900,6,5,0.27,1255530,Ponce,Puerto Rico,717,3953,
92147,for_sale,99000,3,1,0.11,1897240,Lares,Puerto Rico,669,870,
87549,for_sale,67000,3,2,0.11,1916183,Yauco,Puerto Rico,698,1000,
103378,for_sale,121500,4,1,0.11,1985091,Ponce,Puerto Rico,731,1562,
52707,for_sale,17850,,,0.72,1856962,San Sebastian,Puerto Rico,685,0,
102017,for_sale,115000,3,2,0.25,1850850,San Sebastian,Puerto Rico,685,875,
25119,for_sale,295000,5,3,2.43,1888384,Juana Diaz,Puerto Rico,795,2625,
46667,for_sale,299000,4,2,0.09,1951672,Trujillo Alto,Puerto Rico,976,1700,
52707,for_sale,250000,8,7,0.09,232978,Ponce,Puerto Rico,730,4036,
52707,for_sale,50000,,,0.67,1902805,San Sebastian,Puerto Rico,685,0,
103378,for_sale,119900,,,11,1840771,Arecibo,Puerto Rico,612,0,
52707,for_sale,42000,,,0.3,1856964,Isabela,Puerto Rico,685,0,
81909,for_sale,40000,,,0.33,1966333,Santa Isabel,Puerto Rico,757,0,
92147,for_sale,236500,,,204.51,129949,Lares,Puerto Rico,669,0,
103378,for_sale,50000,,,0.25,1889893,Hatillo,Puerto Rico,659,0,
33888,for_sale,50000,,,0.21,1842726,Hatillo,Puerto Rico,659,0,
48586,for_sale,40000,,,0.15,1962544,Aguadilla,Puerto Rico,603,0,
107152,for_sale,195000,3,2,0.28,1966332,Aguadilla,Puerto Rico,603,2000,
107152,for_sale,200000,3,2,0.22,6709,Aguadilla,Puerto Rico,603,1895,
108464,for_sale,4000000,,,100,1946223,Aguadilla,Puerto Rico,603,0,
46019,for_sale,95000,6,2,0.11,385227,Hormigueros,Puerto Rico,660,2914,
52464,for_sale,295000,3,2,0.12,1844373,Rincon,Puerto Rico,677,2000,
52707,for_sale,128000,3,2,0.1,1884180,Hormigueros,Puerto Rico,660,1100,
46019,for_sale,78000,,,0.62,1854836,Rincon,Puerto Rico,677,0,
107152,for_sale,195000,3,2,0.19,1856968,Isabela,Puerto Rico,662,1800,
102017,for_sale,50000,,,0.25,166252,Rincon,Puerto Rico,677,0,
102017,for_sale,275000,,,6.77,914058,Rincon,Puerto Rico,677,0,
52707,for_sale,290000,,,87.41,1363444,Mayaguez,Puerto Rico,680,0,
61834,for_sale,350000,,,38.54,1857024,Cabo Rojo,Puerto Rico,623,0,
102017,for_sale,208799,,,0.52,1875948,Rincon,Puerto Rico,677,0,
102017,for_sale,219300,,,0.54,1179829,Rincon,Puerto Rico,677,0,
102017,for_sale,2000000,,,47,6708,Rincon,Puerto Rico,677,0,
88086,for_sale,81900,,,0.1,196143,Arecibo,Puerto Rico,612,0,
50999,for_sale,147600,3,3,0.22,6321,Arecibo,Puerto Rico,612,2673,
103378,for_sale,109000,4,2,0.22,1844377,Arecibo,Puerto Rico,612,2760,
50999,for_sale,73000,3,1,0.08,8850,Arecibo,Puerto Rico,612,785,
71837,for_sale,135000,,,18,553868,Arecibo,Puerto Rico,612,0,
60622,for_sale,78000,3,1,0.25,1854803,Arecibo,Puerto Rico,612,1403,
108464,for_sale,4700000,,,235,1946209,Arecibo,Puerto Rico,612,0,
1589,for_sale,270000,,,6.21,915601,Arecibo,Puerto Rico,612,0,
108464,for_sale,4475000,,,179,1946323,Arecibo,Puerto Rico,612,0,
52707,for_sale,39000,,,0.97,1902748,Arecibo,Puerto Rico,612,0,
47940,for_sale,81900,6,4,,196144,Arecibo,Puerto Rico,612,2200,
80224,for_sale,50000,,,0.2,1966331,Arecibo,Puerto Rico,612,0,
80224,for_sale,50000,,,0.2,1966329,Arecibo,Puerto Rico,612,0,
103378,for_sale,69000,3,2,0.08,1985069,Arecibo,Puerto Rico,612,1050,
103378,for_sale,65000,,,0.24,1840773,Arecibo,Puerto Rico,612,0,
92147,for_sale,95000,2,1,,596191,Hatillo,Puerto Rico,612,940,
103378,for_sale,63500,,,0.23,1840774,Arecibo,Puerto Rico,612,0,
107152,for_sale,195000,4,2,0.2,1667519,Isabela,Puerto Rico,662,1933,
92147,for_sale,62000,4,2,0.36,1245912,Vega Baja,Puerto Rico,693,0,
92147,for_sale,125000,3,2,0.08,14751,Manati,Puerto Rico,674,1086,
1205,for_sale,77000,4,2,0.11,398184,Vega Baja,Puerto Rico,693,1688,
49608,for_sale,82000,3,1,,1843332,Vega Baja,Puerto Rico,693,748,
103378,for_sale,299900,4,2,0.11,1985087,Hatillo,Puerto Rico,659,2327,
52707,for_sale,28000,,,0.12,1902836,Florida,Puerto Rico,650,0,
52707,for_sale,225000,,,8.54,418957,Morovis,Puerto Rico,687,0,
103379,for_sale,75200,3,1,0.09,1837493,Vega Baja,Puerto Rico,693,1000,
33888,for_sale,160000,,,0.49,1902787,Hatillo,Puerto Rico,659,0,
33888,for_sale,119000,,,1.29,1760944,Hatillo,Puerto Rico,659,0,
99732,for_sale,497000,,,,1902842,Arecibo,Puerto Rico,652,0,
60622,for_sale,89000,,,0.22,1855430,Quebradillas,Puerto Rico,678,0,
12434,for_sale,1900000,,,5.64,6034,Quebradillas,Puerto Rico,678,0,
92147,for_sale,60660,4,3,10.76,242228,Dorado,Puerto Rico,646,0,
92147,for_sale,110000,7,3,0.09,1842706,Dorado,Puerto Rico,949,1192,6/28/2019
103379,for_sale,63000,2,1,0.15,1837542,Vega Baja,Puerto Rico,693,1000,
77433,for_sale,265000,6,3,4.94,1308694,Vega Alta,Puerto Rico,692,3000,
92147,for_sale,88000,3,1,0.15,1856982,Corozal,Puerto Rico,783,934,
109906,for_sale,102000,3,1,0.07,1879245,Vega Alta,Puerto Rico,962,1025,
52707,for_sale,150000,,,12.62,1946311,Corozal,Puerto Rico,783,0,
52707,for_sale,180000,,,28.07,1902756,Corozal,Puerto Rico,873,0,
103378,for_sale,30000,3,2,0.08,1985062,Guanica,Puerto Rico,653,1066,
52707,for_sale,77000,6,3,0.13,856219,Mayaguez,Puerto Rico,680,2110,
50999,for_sale,154000,3,2,0.1,1757044,Cabo Rojo,Puerto Rico,623,1708,
87549,for_sale,29000,2,1,,1318280,Mayaguez,Puerto Rico,680,900,
31239,for_sale,157000,4,2,3.75,1902721,Lajas,Puerto Rico,667,1473,
102017,for_sale,229500,7,5,0.04,1394765,Mayaguez,Puerto Rico,680,0,
103378,for_sale,60150,3,1,0.04,1988291,Mayaguez,Puerto Rico,680,975,
102017,for_sale,219000,7,3,0.1,501075,Mayaguez,Puerto Rico,680,1000,
50739,for_sale,159900,3,2,0.16,1136071,Cabo Rojo,Puerto Rico,623,1100,
,for_sale,55000,,,0.85,599860,Hormigueros,Puerto Rico,660,0,
46019,for_sale,149900,2,1,,7026,Cabo Rojo,Puerto Rico,623,854,
3763,for_sale,44000,,,0.47,1902793,Lajas,Puerto Rico,667,0,
77601,for_sale,80000,,,2.5,6962,Cabo Rojo,Puerto Rico,623,0,
102017,for_sale,60000,,,0.25,1966349,Cabo Rojo,Puerto Rico,623,0,
87549,for_sale,48500,,,0.22,1902724,Cabo Rojo,Puerto Rico,623,0,
57043,for_sale,65000,,,0.57,1446873,Lajas,Puerto Rico,667,0,
87549,for_sale,160000,,,59.04,1902733,Cabo Rojo,Puerto Rico,623,0,
61834,for_sale,385000,,,24.69,1902876,Lajas,Puerto Rico,667,0,
52707,for_sale,45000,,,0.22,1902796,San German,Puerto Rico,683,0,
60622,for_sale,80000,,,0.3,947745,Cabo Rojo,Puerto Rico,623,0,
81495,for_sale,495000,,,31.08,1902728,Cabo Rojo,Puerto Rico,623,0,
61834,for_sale,275000,,,7.88,933051,Cabo Rojo,Puerto Rico,623,0,
102017,for_sale,199500,,,24.28,793077,Cabo Rojo,Puerto Rico,623,0,
78414,for_sale,150000,,,1.94,58246,Cabo Rojo,Puerto Rico,623,0,
52707,for_sale,844500,,,10.98,1844115,Mayaguez,Puerto Rico,682,0,
86036,for_sale,2000000,,,3.84,1620068,Cabo Rojo,Puerto Rico,623,0,
87549,for_sale,107000,3,2,0.15,1868631,Cabo Rojo,Puerto Rico,623,1045,
31238,for_sale,189900,4,3,0.25,1947577,Cabo Rojo,Puerto Rico,623,1622,
52707,for_sale,186900,3,2,,1571899,Cabo Rojo,Puerto Rico,623,1674,
48392,for_sale,265000,6,6,0.25,13741,Cabo Rojo,Puerto Rico,623,2500,
1981,for_sale,535000,4,5,0.51,1988290,Cabo Rojo,Puerto Rico,623,2422,
52707,for_sale,53000,,,0.33,1902738,Las Piedras,Puerto Rico,623,0,
101,for_sale,60000,,,0.16,1311115,Cabo Rojo,Puerto Rico,623,0,
49045,for_sale,55000,,,0.23,58867,Cabo Rojo,Puerto Rico,623,0,
101,for_sale,65000,,,0.25,1902731,Cabo Rojo,Puerto Rico,623,0,
26163,for_sale,89000,,,1,1850838,Cabo Rojo,Puerto Rico,623,0,
101,for_sale,85000,,,0.21,1566271,Cabo Rojo,Puerto Rico,623,0,
72216,for_sale,215000,,,0.9,,Cabo Rojo,Puerto Rico,623,0,
87549,for_sale,150000,,,1.46,1966334,Cabo Rojo,Puerto Rico,623,0,
108464,for_sale,7000000,,,350,1946167,Cabo Rojo,Puerto Rico,623,0,
52707,for_sale,170000,4,2,0.12,1241669,Yauco,Puerto Rico,698,1800,
33888,for_sale,319000,3,3,0.26,1902745,Hatillo,Puerto Rico,659,3227,
80224,for_sale,110000,,,2.91,1982776,Hatillo,Puerto Rico,659,0,
33888,for_sale,150000,,,0.97,1902754,Quebradillas,Puerto Rico,678,0,
52707,for_sale,69900,5,3,0.16,1856965,Isabela,Puerto Rico,662,1886,
52707,for_sale,55000,3,1,0.07,1927727,Juana Diaz,Puerto Rico,795,750,
62210,for_sale,132000,3,1,0.74,918080,Lares,Puerto Rico,669,2500,
3633,for_sale,77000,6,3,1.4,1798657,Juncos,Puerto Rico,777,2392,
47931,for_sale,119500,3,2,,7410,Ponce,Puerto Rico,728,907,
77601,for_sale,95000,3,1,0.27,1856993,Lares,Puerto Rico,669,1070,
52707,for_sale,59000,2,2,0.05,1856900,Lares,Puerto Rico,669,1173,
87549,for_sale,100000,4,3,0.18,1948620,San Sebastian,Puerto Rico,685,2000,
52707,for_sale,95000,3,3,0.29,842243,Guayanilla,Puerto Rico,656,1591,
103378,for_sale,114000,3,2,0.05,1985089,Ponce,Puerto Rico,731,900,
52707,for_sale,63000,4,1,0.09,645349,Yauco,Puerto Rico,698,1087,
52707,for_sale,367500,5,3,19.44,1856899,Lares,Puerto Rico,669,3907,
52707,for_sale,105000,,,1.35,1201547,Quebradillas,Puerto Rico,678,0,
52707,for_sale,90000,,,0.54,1902813,Ponce,Puerto Rico,728,0,
102017,for_sale,115000,1,1,,10347,Rincon,Puerto Rico,677,568,
102017,for_sale,430000,,,1.6,1947120,Rincon,Puerto Rico,677,0,
47983,for_sale,49000,,,0.22,1234701,Aguada,Puerto Rico,676,0,
102017,for_sale,180000,7,3,0.37,595782,Rincon,Puerto Rico,677,0,
52707,for_sale,425000,4,3,0.4,384896,Mayaguez,Puerto Rico,682,2711,
77601,for_sale,115000,,,1.94,1902869,Anasco,Puerto Rico,680,0,
80224,for_sale,55000,,,0.21,1855375,Hatillo,Puerto Rico,659,0,
102017,for_sale,75000,,,0.75,1181962,Rincon,Puerto Rico,677,0,
46019,for_sale,104200,,,0.58,1946277,Rincon,Puerto Rico,677,0,
92147,for_sale,95600,3,1,0.05,1898054,Dorado,Puerto Rico,646,816,
40689,for_sale,120000,5,2,0.05,1837587,Dorado,Puerto Rico,646,1600,
46788,for_sale,1795000,7,5,0.1,1774774,Dorado,Puerto Rico,646,3870,
49909,for_sale,1600000,3,3,0.21,3449,Dorado,Puerto Rico,646,2462,
52707,for_sale,800000,,,4.86,1902840,Dorado,Puerto Rico,646,0,
88441,for_sale,15000000,3,3,,604394,Dorado,Puerto Rico,646,4265,
73744,for_sale,9900000,,,1,1988121,Dorado,Puerto Rico,646,0,
16532,for_sale,7995000,,,0.94,596245,Dorado,Puerto Rico,646,0,
16782,for_sale,6995000,,,1.3,1988122,Dorado,Puerto Rico,646,0,
19383,for_sale,750000,4,3,,,Dorado,Puerto Rico,646,2178,
52707,for_sale,819000,4,2,0.12,1903688,Dorado,Puerto Rico,646,2381,
54341,for_sale,550000,2,2,,619205,Dorado,Puerto Rico,646,1260,
55906,for_sale,15000000,6,7,0.36,1092824,Dorado,Puerto Rico,646,6500,
108464,for_sale,1200000,5,5,0.02,1516763,Dorado,Puerto Rico,646,4850,
81495,for_sale,9995000,6,7,0.25,831352,Dorado,Puerto Rico,646,5500,
61594,for_sale,825000,4,5,0.08,1739549,Dorado,Puerto Rico,646,0,
29510,for_sale,989000,4,4,0.13,1884191,Dorado,Puerto Rico,646,2800,
83881,for_sale,83600,2,1,0.19,1837510,Dorado,Puerto Rico,646,834,
72456,for_sale,889000,5,4,,1898695,Dorado,Puerto Rico,646,2489,
16782,for_sale,8500000,6,7,0.3,1063916,Dorado,Puerto Rico,646,5073,
72283,for_sale,16500000,7,8,0.9,596246,Dorado,Puerto Rico,646,10000,
46462,for_sale,12500000,6,9,0.64,1095169,Dorado,Puerto Rico,646,6554,
16782,for_sale,7500000,4,6,0.22,981326,Dorado,Puerto Rico,646,4400,
29510,for_sale,19500000,5,7,0.3,1335589,Dorado,Puerto Rico,646,5000,
78468,for_sale,550000,3,4,,1308541,Dorado,Puerto Rico,646,0,
105192,for_sale,825000,4,4,0.32,1739550,Dorado,Puerto Rico,646,2800,
55906,for_sale,17000000,5,7,0.55,1758064,Dorado,Puerto Rico,646,6000,
77432,for_sale,9200000,4,6,0.24,887216,Dorado,Puerto Rico,646,4414,
77432,for_sale,8995000,6,8,0.55,484409,Dorado,Puerto Rico,646,6398,
29510,for_sale,2500000,4,5,0.25,985817,Dorado,Puerto Rico,646,5000,
61543,for_sale,1500000,4,4,0.24,1837558,Dorado,Puerto Rico,646,3015,
55665,for_sale,1700000,3,4,0.18,676715,Dorado,Puerto Rico,646,2900,
29911,for_sale,1300000,4,3,0.02,1941871,Dorado,Puerto Rico,646,2900,
16782,for_sale,995000,3,3,,1940223,Dorado,Puerto Rico,646,1492,
59533,for_sale,189500,3,2,0.09,599733,Dorado,Puerto Rico,646,1380,
55665,for_sale,13700000,5,5,0.25,1315983,Dorado,Puerto Rico,646,4200,
16782,for_sale,5195000,3,4,0.22,577950,Dorado,Puerto Rico,646,3500,
52707,for_sale,245000,4,2,0.11,1875975,Dorado,Puerto Rico,646,1820,
103379,for_sale,141000,3,2,0.23,385484,Dorado,Puerto Rico,646,1298,
81495,for_sale,375000,3,2,,1539150,Vega Alta,Puerto Rico,646,1564,
5471,for_sale,19950000,3,3,,604396,Dorado,Puerto Rico,646,4341,
7978,for_sale,2750000,4,6,0.25,10770,Dorado,Puerto Rico,646,4200,
72283,for_sale,9500000,6,8,0.25,438617,Dorado,Puerto Rico,646,0,
35686,for_sale,795000,3,2,,1940206,Dorado,Puerto Rico,646,1944,
16782,for_sale,16995000,3,4,,604395,Dorado,Puerto Rico,646,0,
78468,for_sale,2100000,4,4,,1941880,Dorado,Puerto Rico,646,2624,
59817,for_sale,2500000,5,4,0.24,1244330,Dorado,Puerto Rico,646,4791,
50999,for_sale,97000,3,2,0.06,1879244,Dorado,Puerto Rico,646,1200,
52707,for_sale,800000,4,4,,1089628,Dorado,Puerto Rico,646,882,
49873,for_sale,1200000,3,3,,1900775,Dorado,Puerto Rico,646,1983,
102909,for_sale,879000,,,0.2,1917194,Dorado,Puerto Rico,646,0,
108122,for_sale,199000,3,3,0.25,940889,Mayaguez,Puerto Rico,682,2100,
102017,for_sale,389000,3,2,0.43,1177289,Rincon,Puerto Rico,677,1500,
102017,for_sale,720000,3,3,,1667517,Aguada,Puerto Rico,677,2715,
102017,for_sale,295000,2,2,,1970811,Rincon,Puerto Rico,677,875,
66561,for_sale,2500000,,4,1,1413287,Rincon,Puerto Rico,677,0,
61834,for_sale,55000,,,0.26,1967738,Mayaguez,Puerto Rico,682,0,
102017,for_sale,245000,,,0.19,731378,Rincon,Puerto Rico,677,0,
99277,for_sale,650000,,,1.4,747783,Rincon,Puerto Rico,,0,
28817,for_sale,14000000,,,18.5,1302796,Hatillo,Puerto Rico,659,0,
52707,for_sale,59000,4,2,0.04,667776,Mayaguez,Puerto Rico,680,960,
52707,for_sale,44000,2,3,0.03,1104887,Guanica,Puerto Rico,653,1823,
61710,for_sale,170000,2,1,0.97,1060070,Mayaguez,Puerto Rico,680,1475,
92147,for_sale,255200,3,2,0.29,1638068,Mayaguez,Puerto Rico,682,2031,
18211,for_sale,109955,4,2,0.05,1902846,Mayaguez,Puerto Rico,680,563,
46019,for_sale,38000,,,0.11,1946227,Moca,Puerto Rico,676,0,
102017,for_sale,699000,,,7.17,10155,Aguada,Puerto Rico,662,0,
102017,for_sale,500000,,,8.9,1181931,Rincon,Puerto Rico,677,0,
102017,for_sale,269000,,,0.74,1136774,Rincon,Puerto Rico,677,0,
86036,for_sale,299000,,,0.29,1180129,Rincon,Puerto Rico,677,0,
46019,for_sale,120000,,,0.37,1946165,Rincon,Puerto Rico,677,0,
52707,for_sale,35000,3,1,0.22,302015,Mayaguez,Puerto Rico,680,746,
103378,for_sale,174900,7,4,0.11,1947449,Quebradillas,Puerto Rico,678,2500,
87549,for_sale,50300,3,1,0.23,1837364,Mayaguez,Puerto Rico,680,962,
87549,for_sale,55000,5,2,0.32,1902752,Mayaguez,Puerto Rico,680,1500,
52707,for_sale,42000,2,1,0.05,937205,Ponce,Puerto Rico,716,714,
52707,for_sale,50500,2,1,0.12,872407,Guanica,Puerto Rico,653,612,
52707,for_sale,40000,2,1,0.12,1005430,Hormigueros,Puerto Rico,660,811,
103378,for_sale,90000,2,1,0.11,1861977,Hatillo,Puerto Rico,659,784,
109906,for_sale,150000,4,2,0.09,218197,Mayaguez,Puerto Rico,682,1050,
102017,for_sale,140000,3,1,0.52,6712,San Sebastian,Puerto Rico,685,1200,
103378,for_sale,105000,3,1,0.27,1844372,Quebradillas,Puerto Rico,678,950,
52707,for_sale,75000,3,1,0.06,894551,Guanica,Puerto Rico,653,1503,
52707,for_sale,145000,3,2,,1877129,Ponce,Puerto Rico,716,1235,
87549,for_sale,74300,2,2,0.17,1966338,Mayaguez,Puerto Rico,680,850,
102017,for_sale,725000,3,2,2.2,1174225,Rincon,Puerto Rico,677,2000,
52707,for_sale,425000,5,5,0.31,917166,Mayaguez,Puerto Rico,682,4387,
87549,for_sale,40000,,,0.16,1168990,Hormigueros,Puerto Rico,660,0,
52707,for_sale,145000,1,1,,1840567,Guanica,Puerto Rico,647,729,
47983,for_sale,310000,,,6.9,1902897,Rincon,Puerto Rico,677,0,
46019,for_sale,50000,,,0.42,1946165,Moca,Puerto Rico,676,0,
86036,for_sale,219000,,,0.27,791277,Rincon,Puerto Rico,677,0,
52707,for_sale,210000,,,2.95,1902726,Lajas,Puerto Rico,667,0,
102017,for_sale,220000,,,0.54,1179841,Rincon,Puerto Rico,677,0,
52707,for_sale,81000,7,4,0.08,1902777,Las Marias,Puerto Rico,670,3174,
52707,for_sale,105000,2,1,2.72,1902774,San Sebastian,Puerto Rico,685,870,
1589,for_sale,120000,4,3,2.64,1243378,Hatillo,Puerto Rico,659,1578,
103378,for_sale,63000,4,2,0.48,1844375,Hormigueros,Puerto Rico,660,1233,
52707,for_sale,130000,6,2,0.1,117387,Moca,Puerto Rico,676,2002,
87549,for_sale,80000,3,2,0.1,1902769,Lajas,Puerto Rico,667,900,
52707,for_sale,500000,3,3,1.94,1856903,San German,Puerto Rico,683,2410,
108122,for_sale,339800,5,3,0.18,1446872,Mayaguez,Puerto Rico,680,4200,
52707,for_sale,900000,5,3,0.23,1902759,Guanica,Puerto Rico,653,4046,
47983,for_sale,499500,3,3,,1856514,Rincon,Puerto Rico,677,1357,
52707,for_sale,80000,1,1,,694332,Ponce,Puerto Rico,717,800,
46019,for_sale,35000,,,0.1,1946165,Moca,Puerto Rico,676,0,
46019,for_sale,65000,,,0.97,1940185,Rincon,Puerto Rico,677,0,
46019,for_sale,29000,,,0.32,1946165,Moca,Puerto Rico,676,0,
46019,for_sale,80000,,,0.39,1946165,San Sebastian,Puerto Rico,685,0,
102017,for_sale,1200000,,,5.04,1177288,Rincon,Puerto Rico,677,0,
46019,for_sale,500000,,,1.6,1946165,Rincon,Puerto Rico,677,0,
102017,for_sale,150000,,,0.62,1177252,Rincon,Puerto Rico,677,0,
66561,for_sale,14500000,6,6,45,1940602,Rincon,Puerto Rico,677,10000,
52707,for_sale,69000,8,3,0.97,1902740,San Sebastian,Puerto Rico,685,2250,
3633,for_sale,63000,2,1,0.37,1843069,Ponce,Puerto Rico,731,803,
3633,for_sale,99000,3,2,0.54,1056679,Ponce,Puerto Rico,730,1106,
3633,for_sale,84000,3,1,0.83,1868714,Ponce,Puerto Rico,731,599,
87549,for_sale,34000,3,1,0.22,1312107,Yauco,Puerto Rico,698,1500,
103378,for_sale,460000,10,9,1.94,1960733,San Sebastian,Puerto Rico,685,0,
103378,for_sale,269000,4,2,107.64,1898387,Isabela,Puerto Rico,662,0,
40689,for_sale,110000,3,1,0.05,1155898,Ponce,Puerto Rico,730,900,
62210,for_sale,98000,3,1,0.35,12727,Lares,Puerto Rico,669,1427,
52707,for_sale,85000,3,1,0.32,276791,Mayaguez,Puerto Rico,682,1300,
46019,for_sale,290000,4,3,0.59,888635,Mayaguez,Puerto Rico,680,2374,
102017,for_sale,375000,3,3,0.23,848339,Moca,Puerto Rico,676,2400,
52707,for_sale,380000,3,3,0.31,1757171,Ponce,Puerto Rico,731,3806,
60028,for_sale,350000,3,3,0.24,957156,Isabela,Puerto Rico,662,2482,
77885,for_sale,167000,3,2,0.25,1902783,San German,Puerto Rico,683,1300,
103378,for_sale,131000,4,2,0.08,1985072,Ponce,Puerto Rico,731,1460,
87549,for_sale,74900,3,1,0.12,1902761,Mayaguez,Puerto Rico,680,1000,
61834,for_sale,400000,7,4,0.39,82996,Mayaguez,Puerto Rico,682,17198,
107152,for_sale,260000,3,2,0.42,1256914,San Sebastian,Puerto Rico,685,2100,
52707,for_sale,114900,3,2,,1838910,Ponce,Puerto Rico,716,1275,
96048,for_sale,264900,4,3,0.12,1312998,Mayaguez,Puerto Rico,680,2300,
52707,for_sale,365000,3,2,0.21,1902785,Hatillo,Puerto Rico,659,3515,
52707,for_sale,850000,4,3,0.15,1756991,Lajas,Puerto Rico,667,1857,
86036,for_sale,335000,4,2,0.06,482929,Ponce,Puerto Rico,728,2268,
52707,for_sale,225000,4,2,0.09,269267,Ponce,Puerto Rico,728,2710,
46019,for_sale,135000,,,0.56,1902790,Rincon,Puerto Rico,677,0,
52707,for_sale,39000,,,0.15,242518,Moca,Puerto Rico,676,0,
87549,for_sale,50500,,,1.04,1856951,Cabo Rojo,Puerto Rico,728,0,
46019,for_sale,600000,,,12.24,1946165,Rincon,Puerto Rico,677,0,
109906,for_sale,350000,,,0.32,1850841,Lajas,Puerto Rico,667,0,
40689,for_sale,99000,6,3,0.07,744236,Mayaguez,Puerto Rico,682,1858,
103378,for_sale,130000,4,2,0.23,1850842,Hatillo,Puerto Rico,659,1384,
87549,for_sale,90000,3,2,,1307658,Mayaguez,Puerto Rico,682,1000,
109329,for_sale,380000,3,3,0.52,384017,Mayaguez,Puerto Rico,682,2000,
86036,for_sale,3799000,5,7,0.24,1538005,Rincon,Puerto Rico,677,4500,
47983,for_sale,629000,6,5,0.14,1902719,Rincon,Puerto Rico,677,3625,
102017,for_sale,425000,2,1,0.07,1174226,Rincon,Puerto Rico,677,1000,
47983,for_sale,295000,2,2,,1902732,Rincon,Puerto Rico,677,1405,
103378,for_sale,54900,,,0.2,1855936,Camuy,Puerto Rico,661,0,
60028,for_sale,350000,3,1,0.36,1946276,Rincon,Puerto Rico,677,1214,
47983,for_sale,399000,2,2,,1856961,Rincon,Puerto Rico,677,1208,
102017,for_sale,599000,12,4,0.12,1856956,Rincon,Puerto Rico,677,3000,
58284,for_sale,225000,,,1.18,1136775,Rincon,Puerto Rico,677,0,
102017,for_sale,569000,,,0.5,268780,Rincon,Puerto Rico,677,0,
60622,for_sale,47000,,,0.36,1857019,Isabela,Puerto Rico,662,0,
40689,for_sale,310000,5,3,0.39,862218,Ponce,Puerto Rico,716,3100,
65672,for_sale,100000,,,0.29,1666840,Quebradillas,Puerto Rico,678,0,
43374,for_sale,125000,3,1,0.17,458189,Juana Diaz,Puerto Rico,715,1080,
103379,for_sale,85000,6,4,0.79,12687,Orocovis,Puerto Rico,720,2345,
1205,for_sale,55000,2,1,0.09,1219018,Toa Baja,Puerto Rico,949,1035,
103378,for_sale,29900,6,2,0.03,1844381,Manati,Puerto Rico,674,1200,
49909,for_sale,70000,3,2,0.09,1417550,Manati,Puerto Rico,674,2417,
3633,for_sale,103000,7,4,0.69,1843284,Toa Alta,Puerto Rico,972,2106,
18214,for_sale,254900,4,2,0.11,1868655,Vega Alta,Puerto Rico,692,2500,
52707,for_sale,110000,3,2,0.09,13689,Manati,Puerto Rico,674,951,
103378,for_sale,165000,5,3,0.07,1985092,Manati,Puerto Rico,674,1700,
52270,for_sale,108000,3,2,,1831538,Vega Baja,Puerto Rico,963,1120,
52707,for_sale,21000,,,1.56,1416502,Corozal,Puerto Rico,783,0,
103378,for_sale,15900,,,0.15,1844371,Florida,Puerto Rico,650,0,
43853,for_sale,75000,,,2.57,462700,Naranjito,Puerto Rico,719,0,
92147,for_sale,82700,2,2,0.03,1913261,Ciales,Puerto Rico,,1111,
52707,for_sale,100000,2,1,0.13,680301,Vega Alta,Puerto Rico,692,1694,
52707,for_sale,105000,4,2,0.15,1902794,Vega Alta,Puerto Rico,692,6458,
52707,for_sale,170000,5,3,0.21,1902730,Vega Alta,Puerto Rico,692,3080,
103378,for_sale,19900,3,1,0.04,1844345,Manati,Puerto Rico,674,595,
52270,for_sale,49300,3,2,0.07,698213,Vega Alta,Puerto Rico,692,800,
52707,for_sale,75500,3,1,0.16,1856983,Corozal,Puerto Rico,783,832,
52270,for_sale,80000,3,2,0.26,387417,Toa Alta,Puerto Rico,953,1000,
52707,for_sale,175000,3,2,0.1,1884156,Arecibo,Puerto Rico,613,1211,
40689,for_sale,32000,3,1,0.08,651743,Vega Baja,Puerto Rico,693,770,
52707,for_sale,145000,3,3,0.36,1902850,Barranquitas,Puerto Rico,794,1015,
103379,for_sale,89000,3,2,,1767498,Vega Baja,Puerto Rico,693,1063,
86129,for_sale,70000,3,1,0.15,221168,Toa Alta,Puerto Rico,953,2092,
103378,for_sale,135000,3,2,,1840201,Vega Baja,Puerto Rico,693,1158,
52270,for_sale,66500,3,1,,350048,Vega Alta,Puerto Rico,692,805,
52270,for_sale,169000,4,2,0.15,377106,Toa Baja,Puerto Rico,949,1970,
78414,for_sale,300000,4,3,0.15,1898688,Manati,Puerto Rico,674,568,
44572,for_sale,320000,3,2,5.82,1856922,Orocovis,Puerto Rico,,0,
18211,for_sale,70000,,,0.26,1913920,Morovis,Puerto Rico,687,0,
52707,for_sale,279000,,,18.28,1902861,Arecibo,Puerto Rico,652,0,
67333,for_sale,115000,6,2,0.39,1857228,Coamo,Puerto Rico,725,2329,
92147,for_sale,73700,3,1,0.49,1500471,Vega Alta,Puerto Rico,692,945,
52707,for_sale,59000,2,1,0.19,1854802,Vega Baja,Puerto Rico,692,959,
52270,for_sale,82000,4,3,0.25,1139577,Toa Alta,Puerto Rico,953,1490,
103378,for_sale,96000,6,3,0.08,1985093,Vega Baja,Puerto Rico,693,1928,
52707,for_sale,135000,5,2,0.09,2001321,Morovis,Puerto Rico,687,1414,
19250,for_sale,57000,3,1,0.08,1708540,Coamo,Puerto Rico,769,1009,
31474,for_sale,30000,2,1,0.02,696471,Manati,Puerto Rico,674,896,
3633,for_sale,167000,3,2,1.15,1884181,Coamo,Puerto Rico,765,1326,
92147,for_sale,43700,7,2,0.03,4985,Toa Baja,Puerto Rico,949,1130,
31474,for_sale,58000,2,1,0.03,1009983,Manati,Puerto Rico,674,784,
59533,for_sale,73300,3,2,0.1,16116,Fajardo,Puerto Rico,738,1150,
19801,for_sale,75000,6,3,0.08,1888340,Vega Baja,Puerto Rico,693,1900,
52707,for_sale,70500,3,1,0.18,66538,Toa Alta,Puerto Rico,953,750,
52270,for_sale,81900,3,1,,1477579,Vega Alta,Puerto Rico,692,805,
40689,for_sale,115000,3,1,0.07,1839303,Florida,Puerto Rico,650,800,
52270,for_sale,94000,3,2,0.15,1842737,Comerio,Puerto Rico,782,996,
86129,for_sale,125400,3,2,0.21,1837518,Manati,Puerto Rico,674,954,
52270,for_sale,95900,3,1,,1477720,Vega Alta,Puerto Rico,692,805,
52707,for_sale,305000,4,2,0.13,1884208,Vega Alta,Puerto Rico,692,1784,
29325,for_sale,155000,3,2,,1580587,Vega Baja,Puerto Rico,693,1133,
52707,for_sale,98000,3,2,0.11,1868720,Vega Baja,Puerto Rico,693,900,
92147,for_sale,99000,3,2,0.07,423201,Toa Alta,Puerto Rico,953,1093,
92147,for_sale,350000,3,2,,1504005,Vega Alta,Puerto Rico,692,1747,
87844,for_sale,600000,5,4,0.26,1564284,Vega Alta,Puerto Rico,692,2817,
52707,for_sale,250000,,,22.57,1902757,Naranjito,Puerto Rico,719,0,
12434,for_sale,120000,4,2,0.15,1902811,Toa Baja,Puerto Rico,951,1600,
52707,for_sale,79000,6,2,8.42,1941334,Vega Baja,Puerto Rico,693,1170,
59533,for_sale,67500,2,2,0.38,1519323,Vega Alta,Puerto Rico,692,1000,
19801,for_sale,52000,2,2,0.57,1913919,Corozal,Puerto Rico,783,800,
59533,for_sale,88000,3,2,0.42,598858,Vega Alta,Puerto Rico,692,1000,
52707,for_sale,94000,3,2,0.09,733599,Morovis,Puerto Rico,687,1512,
52270,for_sale,192000,3,2,,1940299,Vega Alta,Puerto Rico,692,2138,
52707,for_sale,145000,4,2,0.08,914432,Toa Baja,Puerto Rico,949,1800,
18211,for_sale,205000,4,3,0.12,1897262,Vega Baja,Puerto Rico,693,1335,
40689,for_sale,295000,6,5,0.24,1856927,Vega Baja,Puerto Rico,693,2800,
87844,for_sale,145000,3,2,,1231179,Toa Baja,Puerto Rico,949,1219,
52270,for_sale,192000,3,2,,1940300,Vega Alta,Puerto Rico,692,2138,
92147,for_sale,240000,4,2,0.11,435409,Toa Baja,Puerto Rico,953,1889,
52707,for_sale,50000,,,0.27,1448271,Manati,Puerto Rico,674,0,
102719,for_sale,957900,,,18.04,1856975,Arecibo,Puerto Rico,613,0,
92147,for_sale,71000,3,1,0.17,1104803,Vega Baja,Puerto Rico,693,824,
92147,for_sale,189000,6,3,0.18,10973,Vega Baja,Puerto Rico,693,2371,
26505,for_sale,62000,3,2,0.13,466267,Naranjito,Puerto Rico,719,981,
52707,for_sale,65000,3,1,0.07,389071,Corozal,Puerto Rico,783,742,
81909,for_sale,125000,3,1,0.13,1565422,Corozal,Puerto Rico,783,1103,
81909,for_sale,70000,2,1,0.23,1966330,Naranjito,Puerto Rico,719,620,
52270,for_sale,125000,4,2,0.44,1679653,Toa Alta,Puerto Rico,953,1328,
46475,for_sale,1200000,4,4,1.11,1856919,Orocovis,Puerto Rico,720,7336,
78414,for_sale,268000,3,1,1.12,1567511,Vega Alta,Puerto Rico,694,850,
81909,for_sale,270000,3,2,0.11,1843064,Vega Alta,Puerto Rico,692,1626,
47931,for_sale,160000,,,4.92,6076,Morovis,Puerto Rico,687,0,
52707,for_sale,335000,,,3.19,1856977,ManatÃ­,Puerto Rico,674,0,
1589,for_sale,135000,6,3,0.07,158769,Hatillo,Puerto Rico,659,1819,
40848,for_sale,80000,3,1,0.07,1837625,Santa Isabel,Puerto Rico,757,704,
52707,for_sale,105000,3,3,0.02,1854867,Santa Isabel,Puerto Rico,757,1372,
74819,for_sale,67000,3,1,0.08,1837567,Santa Isabel,Puerto Rico,757,683,
52707,for_sale,75000,3,1,0.18,1353771,Santa Isabel,Puerto Rico,757,1020,
52707,for_sale,59000,3,2,0.18,1382552,Santa Isabel,Puerto Rico,757,1166,
52707,for_sale,210000,4,2,0.12,1913909,Aguadilla,Puerto Rico,605,1800,
103378,for_sale,113000,3,2,0.13,1852831,Aguadilla,Puerto Rico,605,1123,
102017,for_sale,1450000,,,0.43,1179842,Rincon,Puerto Rico,677,0,
103378,for_sale,65000,3,1,0.08,1857016,Isabela,Puerto Rico,662,939,
102017,for_sale,2250000,,,1.74,1179843,Rincon,Puerto Rico,677,0,
60028,for_sale,55000,,,0.25,1946165,Isabela,Puerto Rico,662,0,
60028,for_sale,175000,,,1.5,1946285,Isabela,Puerto Rico,662,0,
47983,for_sale,399000,2,2,0.26,1313000,Rincon,Puerto Rico,677,1352,
32566,for_sale,545000,3,3,0.88,1179798,Rincon,Puerto Rico,677,1729,
46019,for_sale,190000,,,3.93,1946165,Moca,Puerto Rico,676,0,
103378,for_sale,68000,3,1,0.08,1850802,Isabela,Puerto Rico,662,840,
92147,for_sale,69000,3,1,10.76,1884188,Florida,Puerto Rico,650,0,
88444,for_sale,119500,3,2,0.24,1136042,Guanica,Puerto Rico,653,1462,
104659,for_sale,225000,3,2,,1732407,Guanica,Puerto Rico,653,0,
104659,for_sale,124900,4,2,,1136283,Guanica,Puerto Rico,653,0,
96847,for_sale,15000000,,,125,1850821,Guanica,Puerto Rico,653,0,
108042,for_sale,55000,2,1,0.01,1952060,Hatillo,Puerto Rico,659,0,
77432,for_sale,1350000,,,6.78,1946325,Hatillo,Puerto Rico,659,0,
82827,for_sale,2600000,,,21,1940310,Hatillo,Puerto Rico,659,0,
26163,for_sale,148000,3,2,,17307,Hormigueros,Puerto Rico,660,0,
92147,for_sale,100000,3,1,0.07,1868669,Hormigueros,Puerto Rico,660,842,
101,for_sale,40000,,,0.27,1888308,Hormigueros,Puerto Rico,660,0,
26163,for_sale,138000,,,5.73,1045790,Hormigueros,Puerto Rico,660,0,
60028,for_sale,170000,3,3,0.17,619375,Isabela,Puerto Rico,662,4544,
12875,for_sale,55000,,,0.32,1902852,Isabela,Puerto Rico,662,0,
1123,for_sale,60000,,,0.17,1258492,Isabela,Puerto Rico,662,0,
82827,for_sale,60000,2,1,0.07,881673,Isabela,Puerto Rico,662,700,
15143,for_sale,90000,,,0.72,1856901,Isabela,Puerto Rico,662,0,
60027,for_sale,175000,,,1.49,1946165,Isabela,Puerto Rico,662,0,
62066,for_sale,220000,5,4,0.1,1917932,Isabela,Puerto Rico,662,2500,
108464,for_sale,25000000,,,100,1946190,Isabela,Puerto Rico,662,0,
31238,for_sale,260000,3,3,8,1946286,Isabela,Puerto Rico,662,1458,
72457,for_sale,98900,,,0.36,1850824,Isabela,Puerto Rico,662,0,
52707,for_sale,300000,6,5,0.09,1406706,Isabela,Puerto Rico,662,1500,
72457,for_sale,599900,2,2,0.82,1850828,Isabela,Puerto Rico,662,1671,
41020,for_sale,900000,9,5,0.14,846660,Isabela,Puerto Rico,662,4500,
82827,for_sale,250000,2,2,,1940315,Isabela,Puerto Rico,662,1600,
2050,for_sale,2000000,,,20.26,1269871,Isabela,Puerto Rico,662,0,
103378,for_sale,9000000,,,26.1,1857014,Isabela,Puerto Rico,662,0,
61834,for_sale,550000,3,3,,1241086,Isabela,Puerto Rico,662,1800,
18211,for_sale,975000,6,4,1.5,1856966,Isabela,Puerto Rico,662,3739,
96048,for_sale,3900000,,,5.74,1269725,Isabela,Puerto Rico,662,0,
96048,for_sale,2900000,,,3.34,1269726,Isabela,Puerto Rico,662,0,
72457,for_sale,249900,,,0.24,1850803,Isabela,Puerto Rico,662,0,
80236,for_sale,9775000,2,3,6.7,1862031,Isabela,Puerto Rico,662,0,
15143,for_sale,130000,4,2,2.13,1940305,Lajas,Puerto Rico,667,0,
103378,for_sale,249900,,,10.76,1985060,Vega Baja,Puerto Rico,693,2886,
48230,for_sale,490000,4,,11.6,1856904,Las Marias,Puerto Rico,670,4200,
49045,for_sale,200000,3,2,15.35,1090022,Las Marias,Puerto Rico,670,0,
80212,for_sale,450000,4,3,0.31,1911202,Manati,Puerto Rico,674,2200,
7596,for_sale,600000,4,5,0.25,536853,Manati,Puerto Rico,674,2700,
77432,for_sale,3100000,5,3,0.28,1009986,Manati,Puerto Rico,674,3000,
108671,for_sale,45000,,,0.64,1856973,Manati,Puerto Rico,674,0,
101,for_sale,287000,,,3.9,1902825,Manati,Puerto Rico,674,0,
15085,for_sale,375000,,,1.67,1877301,Manati,Puerto Rico,674,0,
101,for_sale,295000,2,2,0.02,629447,Rincon,Puerto Rico,677,1183,
48230,for_sale,195000,,,1.19,1856902,Rincon,Puerto Rico,677,0,
48230,for_sale,165000,,,0.17,1940303,Rincon,Puerto Rico,677,0,
101,for_sale,295000,2,2,0.02,6036,Rincon,Puerto Rico,677,1183,
48230,for_sale,699000,,,0.5,1437203,Rincon,Puerto Rico,677,2900,
48230,for_sale,540000,5,4,0.25,1940304,Rincon,Puerto Rico,677,2500,
1981,for_sale,2150000,8,5,0.27,1884282,Rincon,Puerto Rico,677,6345,
48230,for_sale,450000,,,4.65,1856957,Rincon,Puerto Rico,677,0,
48230,for_sale,479000,,,1.87,1856960,Rincon,Puerto Rico,677,0,
16919,for_sale,2500000,,,0.27,1179845,Rincon,Puerto Rico,677,10225,
60444,for_sale,260000,3,2,4.37,1757636,Quebradillas,Puerto Rico,678,1164,
77432,for_sale,2500000,4,3,0.78,1902781,Quebradillas,Puerto Rico,678,3154,
77432,for_sale,1995000,,,3.7,598287,Quebradillas,Puerto Rico,678,0,
88444,for_sale,59995,,,0.4,1850807,Lares,Puerto Rico,669,0,
33967,for_sale,35000,5,3,,1106493,Mayaguez,Puerto Rico,680,0,
103378,for_sale,199900,4,3,0.12,40228,Mayaguez,Puerto Rico,680,2143,
89348,for_sale,143000,6,4,0.1,481363,Mayaguez,Puerto Rico,680,2130,
67333,for_sale,165000,3,2,0.59,1026440,Mayaguez,Puerto Rico,680,2000,
72457,for_sale,320000,4,5,0.17,1856953,Mayaguez,Puerto Rico,680,2081,
49045,for_sale,125000,4,2,0.08,846665,Mayaguez,Puerto Rico,680,2214,
77885,for_sale,165000,4,1,0.13,1902786,Mayaguez,Puerto Rico,680,1400,
18211,for_sale,82000,1,1,,1900397,Mayaguez,Puerto Rico,680,471,
52707,for_sale,58000,,,0.41,1856952,Mayaguez,Puerto Rico,680,0,
77885,for_sale,125000,,,16.51,1902788,Mayaguez,Puerto Rico,680,0,
102017,for_sale,35000,,,0.33,1174892,Rincon,Puerto Rico,677,0,
37398,for_sale,795000,,,6.25,1936378,Rincon,Puerto Rico,677,0,
48230,for_sale,650000,,,8.08,1856958,Rincon,Puerto Rico,677,0,
48230,for_sale,365000,,,0.99,1180102,Rincon,Puerto Rico,677,0,
48230,for_sale,1700000,,,6.2,1911841,Rincon,Puerto Rico,677,0,
48230,for_sale,3900000,,,23,1951743,Rincon,Puerto Rico,677,0,
48230,for_sale,3200000,,,9,1951677,Rincon,Puerto Rico,677,0,
46475,for_sale,149995,6,2,1.46,1902848,Aibonito,Puerto Rico,705,2026,
52707,for_sale,74900,5,3,0.03,795512,Aibonito,Puerto Rico,705,2400,
59533,for_sale,92000,3,2,0.1,723040,Santa Isabel,Puerto Rico,757,0,
109906,for_sale,470000,,,47.26,1902800,Comerio,Puerto Rico,782,0,
19250,for_sale,70000,6,4,0.23,522885,Aibonito,Puerto Rico,705,2187,
19250,for_sale,120000,3,2,0.22,1902880,Aibonito,Puerto Rico,705,800,
52707,for_sale,220000,,,51.47,1902807,Barranquitas,Puerto Rico,794,0,
81909,for_sale,85000,3,2,0.09,1897349,Aibonito,Puerto Rico,705,900,
52707,for_sale,220000,6,6,1.07,1902857,Naranjito,Puerto Rico,719,1830,
52707,for_sale,70000,3,1,0.11,1902770,Barranquitas,Puerto Rico,794,879,
77885,for_sale,90000,4,2,0.12,1058124,Mayaguez,Puerto Rico,682,1300,
87549,for_sale,92000,3,2,1.21,1902875,San Sebastian,Puerto Rico,685,1100,
60830,for_sale,175000,,,5.7,1946225,San Sebastian,Puerto Rico,685,0,
49909,for_sale,60000,5,2,0.25,4300,Morovis,Puerto Rico,687,1620,
18211,for_sale,70000,,,,1951903,Morovis,Puerto Rico,687,0,
108464,for_sale,1320000,,,22,1946171,Morovis,Puerto Rico,687,0,
72216,for_sale,75000,,,2.97,,Morovis,Puerto Rico,687,0,
52707,for_sale,115000,3,2,0.15,1952865,Arecibo,Puerto Rico,688,1108,
6378,for_sale,135000,3,2,0.44,1902865,Sabana Hoyos,Puerto Rico,688,1200,
75124,for_sale,279000,,,18.28,1850849,Arecibo,Puerto Rico,688,0,
16842,for_sale,49900,,,0.38,1946322,Sabana Hoyos,Puerto Rico,688,0,
13133,for_sale,1900000,,,27.18,1902776,Arecibo,Puerto Rico,688,0,
78468,for_sale,375000,3,2,,1856976,Vega Alta,Puerto Rico,692,1896,
52270,for_sale,125000,3,2,0.07,1854773,Vega Alta,Puerto Rico,692,1150,
85121,for_sale,270000,3,3,0.11,1843065,Vega Alta,Puerto Rico,692,1626,
37361,for_sale,345000,3,3,,1587692,Vega Alta,Puerto Rico,692,1800,
25107,for_sale,659000,4,5,0.72,1946165,Vega Alta,Puerto Rico,692,5460,
78468,for_sale,325000,3,2,,1946307,Vega Alta,Puerto Rico,692,1500,
55921,for_sale,475000,3,2,0.03,990036,Vega Alta,Puerto Rico,692,1564,
78468,for_sale,480000,4,4,,387319,Vega Alta,Puerto Rico,692,2200,
16919,for_sale,695000,7,6,0.25,196722,Vega Alta,Puerto Rico,692,4072,
103379,for_sale,154150,3,2,0.09,1986232,Catano,Puerto Rico,692,1007,
109203,for_sale,1300000,3,3,0.49,,Vega Alta,Puerto Rico,692,3600,
92147,for_sale,185000,4,2,0.09,1837682,Catano,Puerto Rico,692,1639,
76109,for_sale,715000,4,3,0.11,,Vega Alta,Puerto Rico,692,2800,
26006,for_sale,325000,,,29.13,39740,Vega Alta,Puerto Rico,692,0,
51673,for_sale,450000,,,0.56,7027,Vega Alta,Puerto Rico,692,0,
108464,for_sale,5000000,,,20,595725,Vega Alta,Puerto Rico,692,0,
78468,for_sale,50000,3,1,,1868668,Vega Baja,Puerto Rico,693,0,
109906,for_sale,182000,4,2,0.11,1548605,Toa Alta,Puerto Rico,693,2030,
72455,for_sale,185000,3,2,0.38,1902743,Vega Baja,Puerto Rico,693,982,
46788,for_sale,300000,4,3,0.14,763570,Vega Baja,Puerto Rico,693,1960,
1644,for_sale,225000,3,4,0.03,1953934,Vega Baja,Puerto Rico,693,1605,
18211,for_sale,125000,4,3,0.1,1985061,Vega Baja,Puerto Rico,693,1975,
7996,for_sale,215000,3,2,0.23,1855314,Vega Baja,Puerto Rico,693,0,
18211,for_sale,205000,4,3,,1837354,Vega Baja,Puerto Rico,693,1334,
48574,for_sale,647900,6,6,0.45,1855732,San German,Puerto Rico,683,4500,
26163,for_sale,155000,,,10,1049946,San German,Puerto Rico,683,0,
101,for_sale,110000,,,0.26,1966323,San German,Puerto Rico,683,0,
37047,for_sale,105000,4,2,0.09,1855317,Vega Baja,Puerto Rico,694,1116,
104659,for_sale,79900,9,3,0.01,1844170,Yauco,Puerto Rico,698,0,
46667,for_sale,220000,3,2,0.07,1427036,San Juan,Puerto Rico,698,1100,
104659,for_sale,59900,3,1,,1842747,Yauco,Puerto Rico,698,0,
104659,for_sale,59900,5,1,,1856954,Yauco,Puerto Rico,698,0,
104659,for_sale,89900,3,2,,1862025,Yauco,Puerto Rico,698,0,
104659,for_sale,32500,,,614.99,1967873,Yauco,Puerto Rico,698,0,
108464,for_sale,4000000,,,40,213382,Yauco,Puerto Rico,698,0,
104659,for_sale,144000,,,0.2,1985077,Yauco,Puerto Rico,698,0,
5254,for_sale,37000,,,0.2,1946272,Yauco,Puerto Rico,698,0,
74819,for_sale,59900,5,2,0.1,1900757,Guaynabo,Puerto Rico,965,1655,
52707,for_sale,189000,5,3,0.07,1962199,San Juan,Puerto Rico,921,2100,
40848,for_sale,75000,4,2,0.09,1855312,Guayama,Puerto Rico,784,852,
46475,for_sale,195000,3,2,0.09,1897346,Guaynabo,Puerto Rico,969,1250,
18211,for_sale,144900,3,2,0.1,1854799,Caguas,Puerto Rico,725,1086,
74819,for_sale,79900,3,1,,957236,San Juan,Puerto Rico,924,906,
86129,for_sale,120000,4,2,0.07,1819529,San Juan,Puerto Rico,924,1224,
3633,for_sale,204000,3,2,0.33,1757631,Gurabo,Puerto Rico,794,1190,
81909,for_sale,174900,4,3,0.3,1902809,San Juan,Puerto Rico,926,1500,
81909,for_sale,225000,4,2,0.1,1966327,Aguas Buenas,Puerto Rico,703,3138,
40848,for_sale,150000,3,1,0.06,1855454,Caguas,Puerto Rico,727,850,
47931,for_sale,240000,3,2,0.14,6164,San Lorenzo,Puerto Rico,754,2330,
31474,for_sale,94000,3,2,,1408029,San Juan,Puerto Rico,924,1105,
82828,for_sale,295000,3,2,0.42,595729,Gurabo,Puerto Rico,778,2000,
59533,for_sale,152000,3,2,0.08,1138373,Caguas,Puerto Rico,725,1150,
9664,for_sale,240000,6,4,0.37,560746,Bayamon,Puerto Rico,956,2451,
43853,for_sale,210000,7,5,0.08,1571836,San Juan,Puerto Rico,920,2000,
,for_sale,255000,3,2,,595720,Guaynabo,Puerto Rico,965,1500,
59533,for_sale,104000,3,2,0.07,1135955,Bayamon,Puerto Rico,956,750,
109906,for_sale,550000,4,2,0.16,475333,Guaynabo,Puerto Rico,927,2528,
52707,for_sale,150000,4,2,0.1,979237,San Juan,Puerto Rico,926,1321,
66902,for_sale,189999,3,2,,1712365,Guaynabo,Puerto Rico,969,1566,
100431,for_sale,185000,3,1,0.09,1308258,Guaynabo,Puerto Rico,969,1000,
109906,for_sale,188000,4,3,0.05,1972815,San Juan,Puerto Rico,926,1312,
61543,for_sale,3200000,7,6,1.08,1837578,San Juan,Puerto Rico,969,7246,
46475,for_sale,475000,4,2,0.31,1900777,Cayey,Puerto Rico,737,3300,
